Workers,Time
1,8.904112369
2,4.990271948
3,3.602348961
4,2.946673713
5,2.528328171
6,2.351053683
7,2.293263623
8,2.397608781
9,2.326646963
10,2.195655366
11,2.123327128
12,2.081100887
13,1.975106096
14,2.045697345
15,1.937474346
16,1.964189285